OA,Total_Population,Total_Households,Total_Dwellings,Total_Household_Spaces,Total_Population_16_and_over,Total_Population_16_to_74,Total_Employment_16_to_74,Total_Pop_in_Housesholds_16_and_over,k004,k009,k010,k027,k031,k041,k046
E00052578,298,144,146,146,230,198,85,230,84,88,74,2,27,20,35
E00052579,249,118,123,123,202,174,73,202,61,82,71,4,47,10,23
E00052580,304,133,139,139,229,213,105,229,62,106,82,7,31,18,38
E00052581,320,142,145,145,264,256,114,264,85,86,112,8,66,26,28
E00052582,288,170,174,174,245,219,122,245,66,118,68,1,26,16,37
E00052583,222,115,131,131,182,170,83,182,53,85,46,8,48,16,20
E00052584,276,133,137,137,232,204,109,232,78,81,87,9,74,27,28
E00052585,298,127,131,131,232,218,95,232,74,104,70,6,51,12,43
E00052587,245,99,100,100,186,168,90,186,56,76,77,2,39,20,26
E00052588,264,125,134,134,204,192,126,204,60,82,92,12,67,27,40
E00052589,313,109,112,112,222,215,101,222,53,111,77,5,24,19,34
E00052590,299,113,119,119,217,194,102,217,59,83,95,11,60,24,27
E00052591,341,148,156,156,276,246,114,276,75,122,92,5,46,22,39
E00052592,304,127,128,128,240,224,139,240,80,89,94,8,74,35,52
E00052593,298,137,145,145,263,216,125,263,101,65,137,13,94,33,41
E00052594,434,189,189,189,342,305,140,342,98,130,131,0,63,27,49
E00052595,263,131,136,136,199,170,74,199,43,97,49,5,23,11,19
E00052596,257,105,110,110,185,167,81,185,42,78,70,6,19,9,29
E00052597,366,146,148,148,288,259,143,275,96,101,125,5,74,26,40
E00052598,445,145,148,148,329,329,253,329,105,109,183,108,125,88,71
E00052599,291,151,153,153,242,191,98,242,57,69,111,3,53,18,24
E00052600,362,136,139,139,265,233,113,265,53,89,120,3,72,31,36
E00052601,333,128,130,130,247,225,108,247,51,78,124,1,82,31,35
E00052602,360,131,135,135,281,255,146,281,95,98,135,24,80,39,44
E00052603,503,160,167,167,340,335,134,340,76,154,143,18,35,27,36
E00052604,505,185,194,194,339,330,199,339,73,149,122,31,83,39,63
E00052605,342,120,125,125,259,246,123,259,84,102,106,24,59,22,38
E00052606,332,126,131,131,242,220,87,242,57,102,92,6,32,15,27
E00052607,306,129,140,140,229,210,105,229,76,90,85,16,46,19,38
E00052608,402,141,156,156,286,268,140,286,90,125,104,11,39,18,45
E00052609,323,130,139,139,262,230,116,262,69,101,100,17,63,18,36
E00052611,280,126,141,141,222,204,109,222,67,75,89,12,54,17,28
E00052612,273,136,142,142,241,214,98,235,69,97,75,10,44,17,25
E00052613,424,191,210,210,342,307,130,342,105,138,132,19,70,19,35
E00052614,358,128,128,128,296,288,230,296,134,95,171,66,114,67,55
E00052615,396,165,165,165,326,278,180,326,97,107,154,6,91,40,49
E00052616,327,136,139,139,267,238,136,267,82,84,140,7,87,29,43
E00052617,339,127,130,130,267,244,126,267,82,91,111,3,69,30,46
E00052618,440,188,200,200,345,310,196,345,105,129,146,15,108,41,53
E00052619,373,144,147,147,295,280,137,295,79,137,103,9,63,43,44
E00052620,267,97,100,100,202,197,148,202,63,62,119,39,86,44,41
E00052621,360,142,143,143,304,295,219,304,116,102,164,65,123,56,49
E00052622,388,137,139,139,319,305,191,319,127,98,176,5,112,45,56
E00052623,305,131,135,135,258,237,136,258,75,73,143,8,79,25,42
E00052624,327,126,126,126,260,230,110,260,68,99,121,6,56,20,44
E00052625,317,120,125,125,254,233,133,254,68,81,123,13,93,35,27
E00052626,292,118,120,120,216,204,104,216,53,89,82,0,38,14,36
E00052627,325,129,131,131,251,233,134,251,76,111,81,4,73,26,42
E00052628,308,121,125,125,243,225,111,243,49,114,78,8,67,18,29
E00052629,359,124,132,132,287,262,153,287,92,104,146,21,89,34,46
E00052630,322,119,124,124,248,226,83,248,67,111,91,6,36,18,27
E00052631,407,148,150,150,339,299,174,339,115,112,169,67,113,55,54
E00052632,327,138,148,148,261,228,121,261,88,93,114,7,75,18,38
E00052633,343,126,130,130,291,252,173,291,98,81,171,88,110,57,48
E00052634,278,131,140,140,243,204,119,243,88,77,125,73,91,34,37
E00052635,390,122,124,124,274,261,91,274,69,138,93,14,34,13,33
E00052636,292,128,130,130,230,198,90,230,68,89,75,4,44,12,33
E00052637,275,105,105,105,212,198,95,212,62,104,65,3,40,20,33
E00052638,322,144,153,153,262,229,120,262,93,77,124,15,99,35,34
E00052639,357,126,129,129,275,262,123,275,72,104,131,37,76,31,36
E00052640,331,123,134,134,255,234,132,255,82,105,104,19,70,32,40
E00052641,309,112,126,131,264,215,116,209,74,106,93,19,42,25,43
E00052642,316,124,125,125,248,239,126,248,88,108,76,11,58,25,40
E00052643,246,128,130,130,195,182,81,195,61,96,47,8,23,8,31
E00052644,181,100,107,107,155,129,54,155,45,48,40,0,20,10,19
E00052645,355,137,138,138,281,251,139,281,90,80,146,38,90,43,45
E00052646,257,115,117,117,216,180,100,216,65,71,98,42,81,19,34
E00052647,143,56,62,62,109,100,56,109,40,40,53,11,38,12,15
E00052648,291,112,119,119,224,199,105,224,51,68,113,18,74,29,26
E00052649,293,108,109,109,213,197,94,213,45,84,84,15,63,20,31
E00052650,275,119,122,122,240,212,136,240,93,57,145,22,110,49,45
E00052651,293,181,188,193,229,207,52,229,32,110,50,3,1,3,18
E00052652,305,122,123,123,263,234,151,263,110,81,128,29,111,46,30
E00052653,351,141,146,146,270,247,142,270,77,107,103,3,69,27,43
E00052654,316,123,124,124,255,233,158,255,77,87,128,8,106,46,43
E00052655,321,116,120,120,258,238,150,258,87,62,164,66,102,55,37
E00052656,307,117,117,117,253,219,117,253,62,71,145,23,103,37,30
E00052657,404,157,169,169,322,302,160,322,104,113,158,16,90,28,42
E00052658,361,134,139,139,281,264,148,281,69,90,151,17,55,18,46
E00052659,448,142,150,150,346,312,162,341,70,113,180,14,113,29,57
E00052660,423,124,129,129,342,262,154,302,71,86,192,19,102,49,42
E00052661,516,130,135,135,415,385,254,415,127,123,255,22,114,75,82
E00052662,365,110,111,111,306,272,177,306,105,85,186,20,105,52,57
E00052663,324,130,138,138,279,249,142,279,97,79,155,47,94,40,36
E00052664,315,131,137,137,277,167,50,210,52,80,66,1,14,5,16
E00052665,354,135,144,144,298,277,178,298,80,118,127,20,89,33,47
E00052668,480,163,173,173,360,340,176,360,93,123,180,15,55,24,78
E00052669,321,116,121,121,290,188,118,226,78,68,127,53,69,39,28
E00052670,418,152,167,167,319,299,143,319,68,137,143,13,41,12,50
E00052671,232,84,88,88,194,184,97,194,62,79,81,4,31,9,31
E00052673,530,161,163,163,426,404,201,339,92,231,153,30,81,42,60
E00052674,335,118,121,121,271,255,131,271,76,77,145,15,80,25,51
E00052675,335,150,155,156,254,243,109,254,65,131,80,2,45,14,31
E00052676,470,157,168,168,381,349,209,381,127,111,220,48,109,62,48
E00052677,438,154,162,162,344,307,158,326,72,125,150,7,77,21,49
E00052678,433,138,147,147,335,317,173,335,67,90,199,7,70,14,49
E00052679,339,118,123,123,278,252,158,267,88,83,141,53,98,45,49
E00052680,371,125,137,137,321,296,131,270,106,108,138,24,78,29,49
E00052681,370,119,123,123,310,265,168,310,95,89,178,16,109,52,53
E00052682,435,129,132,132,362,315,192,345,120,92,214,47,115,57,48
E00052683,300,122,132,132,223,213,113,223,63,106,75,2,48,15,41
E00052684,415,117,117,117,343,321,199,343,123,107,195,33,102,64,53
E00052685,427,158,172,172,335,314,189,335,90,121,161,26,99,38,56
E00052686,456,131,134,134,375,351,212,375,116,105,227,63,119,76,75
E00052687,313,121,132,132,251,228,115,251,74,72,140,27,93,29,29
E00052688,372,122,125,125,311,273,171,311,86,81,186,24,104,45,45
E00052689,348,125,129,129,304,265,173,304,100,93,168,47,108,59,44
E00052690,297,114,116,116,254,228,140,254,86,90,113,16,84,39,49
E00052691,286,137,139,139,250,214,71,250,92,88,105,79,49,16,26
E00052692,432,184,191,191,341,312,207,341,111,125,138,14,117,43,61
E00052693,325,133,134,134,282,278,222,282,143,78,166,46,121,63,73
E00052694,304,132,133,133,264,225,141,264,86,76,134,41,99,38,41
E00052695,220,127,130,130,193,166,88,193,69,63,69,6,57,15,29
E00052696,435,147,152,152,338,274,135,304,75,129,119,7,80,32,41
E00052697,362,188,190,190,315,233,134,315,91,113,95,6,63,25,45
E00052698,273,130,132,132,227,187,77,227,60,91,61,74,39,17,22
E00052699,429,148,151,151,286,276,140,286,72,150,85,15,27,19,52
E00052700,332,152,158,158,270,237,123,250,80,118,81,4,52,20,32
E00052701,356,134,140,140,289,267,163,289,98,100,137,3,90,39,47
E00052702,251,106,116,116,203,188,119,203,69,76,82,4,73,26,28
E00052703,284,130,134,134,227,203,119,227,75,88,96,17,93,33,36
E00052704,313,138,140,140,262,241,153,262,97,92,128,9,115,35,43
E00052705,329,135,140,140,263,230,151,263,85,83,131,34,103,36,42
E00052706,278,117,120,120,230,205,129,230,77,82,108,10,98,36,31
E00052707,438,196,202,202,350,325,190,350,91,148,140,17,123,45,44
E00052708,352,126,134,134,271,258,144,257,63,128,111,18,60,33,43
E00052709,424,156,156,156,281,274,146,281,58,146,84,18,29,17,45
E00052710,300,131,138,138,237,197,76,222,68,104,56,6,15,13,30
E00052711,292,122,122,122,256,207,146,256,82,71,139,37,117,60,43
E00052712,286,116,117,117,253,227,161,253,95,77,148,31,109,47,48
E00052713,242,98,99,99,199,193,146,199,76,62,119,16,91,44,42
E00052714,341,122,123,123,285,272,203,285,102,79,179,53,115,77,55
E00052715,313,128,132,132,267,265,205,267,120,86,142,48,110,61,58
E00052716,258,122,124,124,239,180,111,239,75,58,141,16,118,31,38
E00052717,275,118,119,119,240,212,126,240,81,66,139,15,102,35,34
E00052718,330,139,141,141,292,270,202,292,120,92,160,86,131,68,52
E00052719,244,116,119,119,221,185,100,221,74,38,144,26,108,35,31
E00052720,328,145,153,153,273,241,180,273,64,103,120,19,109,45,47
E00052721,344,135,137,137,269,234,133,269,76,112,100,8,65,28,43
E00052722,282,124,127,127,227,203,110,227,72,83,95,16,75,20,48
E00052723,306,110,114,114,225,209,125,225,77,91,100,0,65,31,37
E00052724,284,130,131,131,250,206,125,250,76,58,136,14,119,40,39
E00052725,287,130,131,131,235,207,100,235,74,104,74,4,47,21,40
E00052726,389,206,219,219,331,314,208,331,73,161,94,5,76,29,49
E00052727,338,137,144,144,264,224,121,264,71,91,123,47,99,29,31
E00052728,341,136,140,140,295,250,160,295,95,94,144,58,114,46,44
E00052729,103,61,64,64,100,76,19,100,26,29,39,54,17,5,6
E00052730,306,139,144,144,258,237,128,258,88,80,123,15,85,26,40
E00052731,245,106,109,109,212,193,96,212,69,57,120,5,88,29,29
E00052732,395,137,140,140,272,267,116,272,73,142,78,6,28,10,46
E00052733,254,133,135,135,218,194,120,218,67,87,76,3,70,18,26
E00052734,231,114,118,118,211,193,112,211,77,64,106,2,94,26,30
E00052735,350,122,124,124,283,267,137,283,84,114,130,3,72,24,40
E00052736,333,121,123,123,293,275,146,293,95,92,165,17,104,40,31
E00052737,361,178,186,186,296,279,144,296,88,143,98,14,72,27,37
E00052738,269,124,125,125,232,204,115,232,71,78,109,4,63,17,33
E00052739,257,120,125,125,197,180,86,197,52,86,49,9,33,7,35
E00052740,324,120,124,124,247,231,127,247,85,99,95,4,65,25,47
E00052741,319,114,115,115,224,211,102,224,64,105,71,9,26,12,38
E00052742,304,123,126,126,201,189,72,201,54,104,52,18,16,9,28
E00052743,197,119,121,121,177,146,67,156,55,61,45,2,23,6,27
E00052744,295,128,129,129,232,205,102,232,77,63,111,6,67,28,31
E00052745,369,129,131,131,236,223,105,236,71,110,76,8,43,16,42
E00052746,308,132,134,134,246,211,135,246,55,94,104,3,75,31,54
E00052747,361,154,162,162,287,256,152,287,69,114,111,7,69,20,44
E00052748,330,152,154,154,263,246,128,263,68,120,76,10,60,23,35
E00052749,323,134,136,136,257,221,117,257,86,98,110,12,78,26,34
E00052750,363,126,128,128,239,228,85,239,54,128,72,19,31,9,35
E00052751,330,138,139,139,251,231,119,251,78,109,84,8,53,22,34
E00052752,260,133,137,137,224,209,157,224,32,104,85,6,65,24,31
E00052753,350,147,147,147,275,244,145,275,83,101,117,4,98,36,35
E00052754,205,127,132,132,186,165,87,186,65,83,54,3,39,16,33
E00052755,320,113,114,114,251,229,126,251,71,104,98,4,75,30,46
E00052756,290,128,131,131,221,193,109,221,59,94,73,4,52,15,42
E00052757,267,124,124,124,232,220,132,232,89,86,99,4,55,19,35
E00052758,394,134,151,151,318,276,146,279,84,121,124,11,55,22,36
E00052759,281,117,121,121,221,205,118,221,59,94,88,7,66,22,44
E00052760,324,122,136,136,254,235,113,254,68,115,97,3,59,17,39
E00052761,501,148,149,149,403,396,281,403,139,125,243,137,138,98,71
E00052762,517,184,196,196,381,354,212,380,82,152,173,28,73,39,57
E00052763,188,109,111,111,168,128,51,168,44,50,59,4,27,15,22
E00052764,336,165,174,175,260,249,152,260,67,126,80,8,59,29,39
E00052765,302,146,150,150,228,216,104,228,73,125,65,2,35,21,31
E00052766,303,112,118,118,218,200,89,218,46,95,84,8,43,13,27
E00052767,323,150,162,162,227,215,92,227,37,125,57,2,15,9,37
E00052768,320,144,145,145,247,212,108,247,55,84,106,1,60,14,34
E00052769,306,130,136,137,237,215,115,237,65,100,92,5,45,14,33
E00052770,311,116,122,122,249,225,91,249,75,91,105,11,55,19,21
E00052771,327,180,186,186,264,245,69,264,52,156,56,8,23,8,19
E00052772,407,153,154,154,255,241,113,255,47,116,86,13,43,10,49
E00052773,366,128,132,132,283,271,147,283,89,115,134,12,74,30,37
E00052774,288,140,143,143,229,206,104,229,66,100,69,2,38,10,27
E00052775,398,146,152,152,308,292,150,308,84,127,119,10,79,24,39
E00052776,314,122,128,128,218,202,96,218,55,103,73,4,48,9,35
E00052777,410,157,164,164,312,291,126,303,88,139,112,8,57,25,49
E00052778,326,137,147,147,242,227,107,242,62,112,85,7,46,15,34
E00052779,344,130,137,137,306,232,132,238,72,102,123,9,73,24,32
E00052780,338,131,135,135,267,254,133,267,76,121,91,6,63,22,43
E00052781,229,105,105,105,189,156,67,181,57,69,74,6,50,9,21
E00052782,409,152,165,165,326,303,174,326,96,115,155,12,105,36,42
E00052784,313,135,140,140,245,211,100,245,75,101,87,7,43,16,24
E00052785,287,146,154,154,248,231,106,248,102,96,93,5,46,14,31
E00052786,261,145,156,156,210,194,96,210,59,116,45,8,18,9,21
E00052787,332,129,140,140,262,256,170,262,63,125,107,28,73,34,34
E00052788,431,182,188,188,348,320,214,348,76,122,162,11,114,44,54
E00052789,384,143,148,148,280,255,128,280,76,103,121,5,78,11,43
E00052790,218,110,123,123,173,158,81,173,61,56,57,13,49,13,22
E00052791,435,135,140,140,315,295,128,315,78,119,138,7,47,17,49
E00052792,341,131,136,136,265,246,111,265,77,107,109,9,57,12,37
E00052793,318,120,125,125,233,219,108,233,62,94,96,7,65,17,37
E00052794,324,127,136,136,256,241,119,256,71,106,111,12,67,19,34
E00052795,329,133,136,136,256,238,127,256,68,106,97,5,70,14,48
E00052796,283,120,124,124,224,197,110,224,68,96,81,5,69,23,37
E00052797,290,127,127,127,239,221,127,239,76,100,87,7,52,23,39
E00052798,347,138,139,139,276,244,176,276,86,78,162,38,109,50,41
E00052799,336,131,133,133,275,247,151,269,81,100,122,13,99,33,40
E00052800,300,131,132,132,248,190,122,240,74,53,141,16,115,36,26
E00052801,298,127,128,128,227,199,110,227,60,81,99,5,62,28,38
E00052802,292,136,136,136,241,211,125,241,80,71,113,13,89,34,30
E00052803,394,129,131,131,259,253,103,259,62,147,69,10,24,19,38
E00052804,262,126,128,128,214,181,113,214,54,70,83,0,67,17,36
E00052805,373,133,138,138,254,249,105,254,75,136,61,13,27,14,44
E00052806,343,127,129,129,298,281,196,298,122,104,152,17,114,65,56
E00052807,281,135,135,135,233,197,116,233,72,80,89,5,71,23,33
E00052808,239,115,118,118,203,165,101,203,57,64,91,3,54,25,29
E00052809,390,131,132,132,297,282,210,297,83,110,149,11,103,52,61
E00052810,282,133,134,134,243,212,115,243,75,97,81,3,33,21,37
E00052811,272,133,135,135,220,173,116,220,60,66,96,6,78,24,44
E00052812,315,122,122,122,254,236,158,254,99,89,121,6,111,56,43
E00052813,327,120,123,123,268,233,137,268,95,79,148,13,101,30,44
E00052814,346,129,131,131,277,260,200,277,100,95,145,30,111,58,55
E00052815,286,129,131,131,231,200,129,231,59,81,91,4,72,26,33
E00052816,300,123,124,124,250,231,166,250,83,69,141,5,114,44,54
E00052817,240,131,132,132,212,171,103,212,75,51,86,2,62,19,27
E00052818,392,137,139,139,308,284,201,308,93,113,154,5,114,54,60
E00052819,310,118,122,122,252,216,140,252,69,73,147,6,95,43,39
E00052820,301,117,119,119,252,212,139,252,87,70,136,28,112,45,37
E00052821,348,136,142,142,285,255,173,285,103,71,164,20,116,51,53
E00052822,323,127,127,127,268,246,168,268,90,84,148,15,110,50,48
E00052823,385,139,141,141,297,276,185,297,101,94,171,22,115,54,59
E00052824,292,107,108,108,234,209,133,234,72,71,138,12,82,42,43
E00052825,354,138,142,142,277,248,173,277,88,122,93,2,82,36,51
E00052826,332,131,135,135,251,221,132,251,72,102,95,1,67,31,38
E00052827,346,128,129,129,285,261,188,285,102,97,151,9,114,55,51
E00052828,289,130,130,130,215,194,80,215,54,92,73,4,37,14,20
E00052829,359,120,124,124,227,225,90,227,53,124,78,10,19,11,32
E00052830,320,113,116,116,227,215,86,210,49,115,67,2,21,16,45
E00052831,343,117,119,119,224,216,90,224,64,118,65,8,18,13,43
E00052832,442,166,176,176,346,334,163,346,94,137,150,25,80,23,49
E00052833,354,132,136,136,274,249,170,274,95,95,135,9,106,54,55
E00052834,415,167,176,176,312,298,137,291,88,161,89,17,67,24,44
E00052835,293,117,129,129,218,204,109,218,70,83,84,4,66,19,27
E00052836,260,103,119,119,186,174,94,186,40,77,75,5,33,5,24
E00052837,317,122,131,131,239,220,120,239,66,83,111,20,85,29,32
E00052838,322,117,124,124,219,206,108,219,46,94,94,5,58,22,34
E00052839,356,129,136,136,264,246,127,264,64,107,102,8,59,15,38
E00052840,328,131,138,143,265,243,147,265,59,124,101,13,75,25,37
E00052841,332,114,127,127,250,230,133,250,63,82,130,6,72,18,39
E00052842,321,114,133,133,240,228,120,240,43,97,104,11,56,15,38
E00052843,373,149,163,163,282,260,134,282,49,143,91,15,60,8,46
E00052844,342,116,118,118,258,239,148,258,78,112,113,1,71,37,59
E00052845,330,121,127,127,232,212,140,232,69,84,102,17,94,37,41
E00052846,233,107,111,111,211,166,100,211,68,51,101,17,64,31,26
E00052847,273,135,137,141,228,217,127,228,68,100,90,26,68,21,28
E00052848,352,131,139,141,288,271,157,286,89,113,130,18,61,43,37
E00052849,277,114,119,119,218,213,168,218,79,92,92,6,81,42,43
E00052850,294,121,123,123,247,223,162,247,98,71,137,42,104,56,47
E00052851,279,126,130,130,235,217,151,235,81,70,123,15,96,30,44
E00052852,338,112,121,121,291,218,131,240,74,91,117,28,69,32,30
E00052853,397,142,150,150,329,307,174,329,91,146,138,21,87,32,69
E00052854,235,117,118,118,203,188,133,203,64,88,73,9,100,33,33
E00052855,316,124,128,128,268,250,163,268,113,101,123,54,97,57,49
E00052856,306,124,125,125,261,228,158,261,106,78,136,16,94,40,45
E00052857,289,136,132,141,264,221,105,215,76,125,68,7,47,26,18
E00052858,277,109,115,115,243,223,129,236,78,97,116,30,95,39,37
E00052859,248,114,123,123,210,185,118,210,76,69,94,20,59,31,37
E00052860,219,137,142,143,213,142,66,179,56,69,48,9,19,14,14
E00052861,259,125,126,126,223,203,86,211,87,94,73,12,59,15,30
E00052862,259,107,121,121,215,211,132,212,63,93,85,20,60,21,37
E00052863,172,152,155,155,166,142,67,166,90,65,19,1,23,3,12
E00052864,336,189,190,190,282,234,86,263,79,140,54,9,31,8,28
E00052865,347,130,133,133,268,232,123,268,89,80,137,11,91,18,35
E00052866,259,171,173,174,229,198,74,229,76,122,44,0,9,10,22
E00052867,337,118,132,132,253,244,110,253,59,112,107,8,45,19,34
E00052868,356,140,153,153,276,264,115,276,56,111,103,9,55,25,29
E00052869,110,55,57,57,102,71,35,81,22,32,35,1,7,3,13
E00052870,337,118,121,121,255,235,160,255,68,91,118,5,79,33,47
E00052871,394,219,231,231,345,319,186,345,99,170,100,3,42,13,45
E00052872,374,199,197,209,315,303,163,315,73,158,107,3,45,19,53
E00052873,337,141,159,159,260,236,128,260,64,106,108,15,67,24,43
E00052874,229,95,107,107,154,147,68,154,44,74,47,1,14,7,31
E00052875,376,110,111,111,306,238,137,242,74,100,140,4,74,28,53
E00052876,329,119,123,123,270,242,131,243,87,99,123,42,62,30,43
E00052877,359,171,168,188,309,290,190,293,85,140,117,7,87,47,39
E00052878,353,125,127,127,268,244,143,268,72,91,135,30,82,36,50
E00052879,342,157,162,162,284,273,173,284,87,129,98,15,92,38,41
E00052880,345,126,128,128,268,251,153,268,86,113,102,8,66,26,46
E00052881,324,121,124,124,255,240,156,255,85,79,136,27,96,39,44
E00052882,313,124,128,128,246,218,112,239,68,83,116,14,60,26,48
E00052883,224,147,153,153,196,149,76,196,33,79,47,3,23,10,33
E00052884,108,74,110,110,98,98,46,98,11,73,16,0,1,2,19
E00052885,331,149,152,152,272,255,156,272,92,94,121,37,87,30,38
E00052886,363,140,156,156,234,220,107,234,53,120,71,4,23,11,41
E00052887,230,134,133,136,195,190,97,180,79,90,40,1,12,7,20
E00052888,236,108,109,109,171,162,68,171,50,80,43,2,29,10,21
E00052889,294,116,119,119,224,215,118,224,76,97,89,4,66,18,37
E00052890,162,108,118,118,153,142,107,153,70,56,42,0,87,16,18
E00052891,323,138,139,139,255,248,139,255,74,116,82,7,61,24,33
E00052892,376,139,144,144,292,281,159,292,81,138,100,12,76,27,61
E00052893,392,140,147,147,288,279,148,288,71,119,112,5,59,17,50
E00052894,294,141,149,149,225,213,97,225,69,102,71,9,44,7,30
E00052895,429,184,187,187,320,313,203,320,57,130,143,7,34,28,46
E00052896,444,164,191,191,332,321,206,332,66,144,144,18,75,33,64
E00052897,206,136,135,136,180,168,84,180,50,93,46,1,1,2,21
E00052898,463,205,218,219,372,350,187,372,79,155,154,8,68,26,43
E00052899,508,236,247,247,382,365,139,382,71,209,117,3,19,5,54
E00052900,168,126,131,131,148,140,52,148,42,80,16,2,3,1,20
E00052901,346,129,133,133,269,256,137,269,84,136,98,10,47,18,54
E00052902,305,142,143,143,234,217,104,234,49,131,59,5,29,10,34
E00052903,491,272,265,272,367,361,160,367,77,178,99,4,12,2,58
E00052904,462,167,174,174,326,314,124,326,57,179,114,11,35,15,42
E00052905,658,262,262,266,447,440,200,447,85,230,155,7,22,15,74
E00052906,171,130,163,163,157,119,50,157,44,48,30,0,0,0,15
E00052907,261,110,114,114,233,197,144,233,83,67,124,33,94,47,43
E00052908,286,125,128,128,226,206,142,226,67,82,85,5,68,33,44
E00052909,321,135,137,137,258,236,137,258,89,88,111,16,73,40,34
E00052910,342,127,130,130,267,236,147,267,73,104,113,25,80,29,44
E00052911,327,125,143,143,251,242,113,251,66,113,85,11,40,13,36
E00052912,518,177,183,183,378,362,184,378,129,160,146,24,82,32,60
E00052913,397,149,155,155,317,289,185,317,80,120,146,5,113,44,58
E00052914,292,115,123,123,215,202,102,215,61,88,91,5,74,17,30
E00052915,328,127,144,144,251,251,153,251,50,121,82,14,41,11,56
E00052916,343,131,143,143,268,255,123,264,68,113,102,9,61,15,36
E00052917,382,127,130,130,256,246,94,256,52,131,90,8,35,19,35
E00052918,245,110,111,111,215,178,91,215,62,47,128,9,92,32,27
E00052919,339,133,135,135,258,239,102,258,73,123,68,9,16,14,39
E00052920,370,127,130,130,254,235,116,254,62,127,86,5,14,14,51
E00052921,351,124,124,124,240,233,104,240,65,125,77,6,12,20,31
E00052922,414,136,136,136,277,263,138,277,80,135,90,8,12,20,54
E00052923,394,126,126,126,252,241,107,252,68,133,86,11,3,13,43
E00052924,320,124,125,125,234,221,88,234,81,99,81,11,19,13,36
E00052925,359,128,128,128,250,231,108,250,80,103,91,11,14,14,44
E00052926,348,119,121,121,256,237,114,256,56,128,85,7,36,25,41
E00052927,392,119,121,121,299,240,125,252,84,104,112,9,43,14,46
E00052928,303,116,118,118,231,205,101,231,64,100,86,13,56,24,35
E00052929,337,129,133,133,265,250,123,265,91,125,90,4,45,17,36
E00052930,352,148,168,168,248,231,112,248,67,115,90,5,51,19,38
E00052931,340,124,126,126,266,253,128,266,94,117,111,9,41,19,45
E00052932,343,125,125,125,241,227,116,241,66,112,92,6,42,14,56
E00052933,331,126,130,130,250,235,88,250,77,117,78,4,47,17,25
E00052934,332,121,122,122,232,219,85,232,71,117,65,7,19,5,28
E00052935,324,133,134,134,220,209,102,220,79,95,64,9,25,6,39
E00052936,436,152,158,158,348,321,175,340,107,140,159,20,87,44,55
E00052937,389,127,127,127,273,258,113,273,77,130,86,10,43,18,46
E00052938,419,130,132,132,262,251,109,262,69,129,89,4,23,18,55
E00052939,357,148,152,152,306,280,168,306,108,107,152,7,109,36,51
E00052940,340,119,126,126,243,227,106,239,50,125,73,11,73,23,27
E00052941,346,122,127,127,221,215,110,221,61,107,71,6,38,17,38
E00052943,367,129,134,134,252,237,93,252,64,147,71,10,23,12,34
E00052944,343,125,127,127,256,245,153,256,63,114,101,14,82,32,49
E00052945,397,135,138,138,260,248,101,241,50,148,65,11,21,11,35
E00052946,333,127,128,128,241,235,152,241,71,76,134,35,98,42,36
E00052947,293,119,123,130,234,219,148,234,74,95,99,11,92,33,33
E00052948,366,133,138,138,299,271,198,299,129,70,184,86,128,89,61
E00052949,342,125,127,127,261,231,161,261,77,79,141,7,112,61,47
E00052950,280,125,128,128,237,198,136,237,94,56,133,60,119,50,39
E00052951,319,129,131,131,253,228,141,253,90,76,120,52,94,44,47
E00052952,277,129,130,130,230,200,130,230,63,96,61,1,80,27,49
E00052953,331,141,149,149,275,254,179,275,89,94,136,33,93,56,51
E00052954,360,133,134,134,265,238,132,265,72,95,113,6,73,28,45
E00052955,334,120,121,121,266,254,184,266,111,77,149,6,110,56,44
E00052956,349,136,137,137,285,273,194,285,115,84,166,3,125,66,54
E00052957,296,120,124,124,260,237,172,260,98,66,159,4,106,58,51
E00052958,361,134,137,137,291,273,190,291,106,76,169,52,125,74,54
E00052959,311,123,128,128,248,227,157,248,104,70,139,56,109,60,49
E00052960,239,140,145,145,194,176,86,194,61,86,45,4,45,13,21
E00052961,335,116,120,120,237,211,148,237,65,41,163,71,104,72,41
E00052962,286,118,119,119,245,191,130,245,70,57,155,69,114,55,36
E00052963,288,111,114,114,235,210,139,235,85,71,137,38,93,49,38
E00052964,240,99,102,102,191,177,117,191,54,51,107,23,80,38,27
E00052965,343,131,139,139,264,240,161,264,89,71,128,27,113,52,44
E00052966,320,117,121,121,263,246,152,263,89,64,172,88,107,71,50
E00052967,236,124,126,126,214,167,70,214,62,62,84,17,34,23,25
E00052968,312,126,133,133,255,229,149,255,85,67,136,34,107,59,43
E00052969,294,110,115,115,237,223,165,237,89,69,144,14,103,64,36
E00052970,324,120,121,121,250,228,174,250,93,67,143,25,115,71,43
E00052971,311,130,132,132,249,218,144,249,93,58,146,23,116,53,38
E00052972,355,129,131,131,284,270,175,284,95,83,168,54,111,63,49
E00052973,308,142,142,142,279,227,120,279,92,57,173,91,125,64,39
E00052974,292,133,134,134,233,214,149,233,70,83,99,16,114,50,45
E00052975,289,127,128,128,239,189,138,239,78,57,130,63,119,46,46
E00052976,380,146,151,151,315,279,176,315,110,82,190,58,135,69,58
E00052977,233,123,124,124,184,165,103,184,51,80,49,5,33,19,31
E00052978,250,119,120,120,199,178,93,199,66,78,66,4,56,24,35
E00052979,160,120,123,123,156,137,73,156,57,55,39,1,6,8,16
E00052980,316,126,127,127,257,224,124,238,80,94,85,6,55,20,46
E00052981,207,147,147,147,190,167,76,190,79,77,38,0,5,10,23
E00052982,235,152,154,154,186,158,62,186,16,112,22,0,4,2,22
E00052983,280,126,127,127,229,212,117,229,79,85,93,1,57,20,41
E00052984,289,141,142,142,220,192,107,220,67,86,69,4,46,14,34
E00052985,327,129,131,131,239,214,136,239,63,100,90,8,71,32,47
E00052986,313,133,137,137,244,206,126,244,62,75,121,5,95,34,43
E00052987,268,107,109,109,207,181,106,207,64,82,72,6,64,26,32
E00052988,233,113,116,116,189,160,85,189,51,77,66,1,64,17,25
E00052989,336,128,130,130,276,270,212,276,114,87,154,32,118,70,58
E00052990,281,133,138,138,232,211,128,232,86,76,90,3,49,32,49
E00052991,378,140,145,145,294,264,169,289,93,95,152,8,105,52,60
E00052992,350,132,137,137,259,234,144,259,84,89,119,4,75,39,44
E00052993,352,113,115,115,292,286,211,292,123,82,178,106,102,72,59
E00052994,293,123,128,128,229,196,115,229,59,78,105,5,80,22,37
E00052995,367,172,172,172,283,233,129,283,71,113,89,19,48,27,33
E00052996,349,132,136,136,288,265,179,288,115,93,162,5,114,49,53
E00052997,252,144,153,153,228,214,157,228,79,90,91,11,105,43,27
E00052998,312,114,119,119,230,212,110,230,64,77,112,4,64,34,31
E00052999,335,125,126,126,258,242,169,258,91,87,134,8,92,43,56
E00053000,271,117,121,121,221,208,139,221,81,72,97,9,73,33,37
E00053001,271,127,130,130,233,218,145,233,94,73,115,87,108,37,40
E00053002,305,132,132,132,259,244,190,259,106,86,137,46,118,52,45
E00053003,311,128,133,133,243,220,147,243,82,56,146,0,116,42,45
E00053004,236,101,102,102,181,144,71,159,50,60,57,4,32,16,23
E00053005,294,106,111,111,206,191,94,206,56,88,73,8,41,15,39
E00053006,251,115,121,121,210,206,156,210,77,78,96,6,87,39,40
E00053007,341,115,122,122,238,222,118,238,61,117,77,4,39,19,42
E00053008,309,129,131,131,257,242,171,257,106,85,128,53,103,44,53
E00053009,360,127,140,140,283,226,127,241,68,104,107,15,82,34,31
E00053010,403,121,125,125,265,257,120,265,50,134,93,7,32,18,38
E00053011,379,135,137,137,303,276,196,303,92,102,157,27,116,57,51
E00053012,275,112,114,114,213,171,105,213,56,78,82,4,69,25,32
E00053013,324,120,121,121,245,229,159,245,87,86,120,7,103,49,37
E00053014,305,117,122,122,245,219,135,245,78,91,117,28,96,45,38
E00053015,330,131,134,134,257,230,164,257,87,73,131,8,114,61,46
E00053016,227,126,130,130,196,160,89,196,61,64,79,6,65,14,26
E00053017,310,127,135,135,253,247,179,253,84,126,86,4,74,39,49
E00053018,342,129,135,135,281,248,161,281,88,92,142,49,112,53,47
E00053019,324,104,107,107,233,221,139,233,76,80,115,22,58,35,53
E00053020,280,121,125,125,222,199,124,222,80,86,97,25,90,41,36
E00053021,187,141,143,144,170,137,53,170,48,68,29,4,4,5,20
E00053022,230,113,124,124,194,189,137,194,59,94,56,19,69,26,31
E00053023,291,119,122,122,245,224,148,245,97,74,134,96,113,56,35
E00053024,297,109,110,110,247,238,170,247,92,79,136,71,95,51,42
E00053025,253,129,131,131,210,170,115,210,43,77,70,4,70,27,34
E00053026,245,116,120,120,202,178,95,202,63,79,63,3,52,31,28
E00053027,365,135,148,148,286,252,172,286,95,106,134,22,119,43,52
E00053028,320,176,191,191,264,226,113,264,57,119,66,5,32,12,34
E00053029,257,118,119,119,218,191,120,218,51,71,103,6,91,33,32
E00053030,308,123,125,125,233,229,172,233,68,101,99,43,74,56,39
E00053031,405,149,156,156,364,322,176,296,95,140,174,118,123,70,61
E00053032,334,145,154,160,282,267,163,282,76,136,108,19,54,34,53
E00053033,250,117,122,122,227,209,128,201,60,96,90,45,54,28,33
E00053034,249,102,112,112,186,178,76,186,48,97,60,6,18,8,32
E00053035,374,133,139,139,316,284,180,311,113,80,194,94,117,71,47
E00053036,246,130,136,136,225,176,99,225,61,40,139,95,122,39,29
E00053037,281,156,160,161,246,241,140,246,64,145,62,11,48,25,24
E00053038,303,126,128,128,257,246,173,257,113,73,139,67,105,51,45
E00053039,348,132,134,134,307,221,125,274,89,58,176,112,122,68,41
E00053040,306,117,119,119,251,235,173,251,97,83,136,49,100,60,45
E00053041,258,112,115,115,223,185,122,223,71,55,135,90,104,51,32
E00053042,285,128,133,133,228,198,121,228,67,74,101,7,81,35,31
E00053043,307,135,139,139,266,206,134,246,82,67,139,67,123,57,29
E00053044,328,126,135,135,285,245,142,285,109,63,197,109,118,76,43
E00053045,293,134,139,139,256,219,151,256,87,79,139,83,114,52,32
E00053046,232,131,133,133,202,181,112,202,78,88,57,1,45,16,27
E00053047,224,125,126,126,189,156,94,189,48,68,62,3,46,21,25
E00053048,328,130,133,133,272,209,142,248,77,73,126,42,105,45,44
E00053049,205,110,116,116,171,140,86,171,47,68,55,5,68,19,23
E00053050,238,105,105,105,201,180,108,201,59,70,90,52,83,40,31
E00053051,312,140,150,154,270,245,159,270,75,97,130,65,74,37,40
E00053052,266,128,142,142,230,213,122,230,74,123,64,8,37,17,36
E00053053,328,142,149,149,265,249,173,265,85,106,116,29,80,33,54
E00053054,179,102,112,112,154,133,103,154,46,69,47,17,82,19,24
E00053055,254,150,160,166,225,217,159,225,72,137,51,3,60,27,30
E00053056,290,124,137,142,238,217,112,238,52,121,75,8,48,16,47
E00053057,319,109,126,126,235,225,118,235,53,91,100,9,39,13,36
E00053058,310,119,130,130,255,236,150,238,61,122,89,15,74,34,36
E00053059,457,150,161,161,378,353,200,378,97,168,171,37,83,47,68
E00053060,354,157,165,165,295,267,172,280,72,134,99,13,73,37,41
E00053061,356,123,126,126,303,236,116,245,63,117,113,19,58,29,36
E00053062,267,119,109,124,230,221,143,230,80,102,81,6,69,36,34
E00053063,360,147,159,168,317,275,164,283,82,161,91,22,47,24,48
E00053064,140,87,96,96,122,112,68,122,31,60,31,8,35,12,13
E00053065,251,118,123,123,218,190,124,218,73,77,92,25,87,39,31
E00053066,248,134,142,142,228,216,114,195,77,136,39,5,48,16,26
E00053067,326,146,142,156,272,244,164,272,86,122,111,21,102,33,50
E00053068,261,158,158,159,225,213,112,225,56,126,40,3,10,11,29
E00053069,210,124,129,141,194,190,126,194,37,132,34,1,21,7,34
E00053070,253,153,161,161,222,214,145,222,59,122,52,19,57,22,28
E00053071,323,131,136,146,266,249,167,266,94,87,145,55,98,48,42
E00053072,313,139,152,152,283,252,160,246,76,142,68,9,84,32,34
E00053073,283,170,166,212,260,258,182,260,46,186,44,3,22,13,49
E00053074,403,124,121,126,357,221,132,256,100,57,183,101,111,66,32
E00053075,206,139,133,140,185,181,110,185,56,117,24,3,25,8,28
E00053076,294,143,147,147,243,201,125,243,70,70,118,16,91,32,35
E00053077,311,120,125,125,261,246,164,261,94,78,154,38,109,62,58
E00053078,344,143,144,144,280,244,177,280,93,89,153,56,126,60,34
E00053079,374,117,120,120,270,250,126,270,74,123,95,8,55,29,41
E00053080,222,118,124,124,204,108,48,184,36,46,73,22,65,14,22
E00053081,310,132,139,139,271,253,182,271,86,112,120,30,99,48,35
E00053082,425,144,145,145,336,317,209,336,133,92,201,28,133,86,65
E00053083,322,127,127,127,266,246,187,266,83,71,166,8,116,60,40
E00053084,434,130,134,134,366,311,201,336,126,99,200,71,120,69,42
E00053085,338,115,120,120,272,251,174,272,90,91,152,24,99,57,46
E00053086,347,129,135,135,283,256,177,283,99,90,148,16,116,58,51
E00053087,225,117,126,126,207,148,78,207,54,41,96,52,103,40,20
E00053088,426,157,160,160,347,313,218,347,125,86,215,89,145,88,60
E00053089,355,130,134,134,292,265,190,292,109,73,178,56,118,81,52
E00053090,381,134,139,139,308,278,191,308,90,78,179,37,121,75,49
E00053091,393,133,136,136,313,287,193,313,93,102,166,34,113,57,51
E00053092,297,126,132,132,251,219,149,251,87,64,142,71,120,53,34
E00053093,323,134,136,136,257,233,163,257,69,80,138,17,106,53,42
E00053094,296,122,127,127,259,177,80,223,63,40,138,52,83,39,20
E00053095,357,138,139,139,284,271,207,284,112,74,174,5,119,63,51
E00053096,287,121,124,124,239,201,126,239,86,49,142,105,113,53,32
E00053097,317,138,144,144,250,229,166,250,77,97,108,16,100,45,41
E00053098,276,144,147,147,258,187,90,258,69,41,155,138,134,50,21
E00053099,380,134,135,135,306,285,197,306,110,78,193,70,118,66,52
E00053100,323,134,137,137,254,226,182,254,61,86,129,7,118,58,44
E00053101,285,121,124,124,235,213,145,235,82,56,133,38,99,53,41
E00053102,312,133,134,134,257,227,154,257,91,51,162,33,123,56,42
E00053103,327,136,143,143,264,243,175,264,86,72,152,28,109,58,51
E00053104,298,137,139,139,256,209,128,256,75,49,155,100,126,59,43
E00053105,356,132,135,135,295,229,150,258,100,68,152,73,111,66,49
E00053106,294,109,112,112,236,209,162,236,90,56,162,80,99,65,42
E00053107,349,133,137,137,277,249,162,277,94,76,161,21,117,51,45
E00053108,313,130,141,141,267,228,153,267,93,75,137,33,118,52,44
E00053109,432,138,147,148,372,283,164,277,91,123,146,61,68,57,38
E00053110,324,109,112,112,258,245,156,258,102,78,148,13,105,52,40
E00053111,389,133,139,139,322,303,203,316,120,100,178,42,106,70,57
E00053112,324,123,126,126,270,252,172,270,111,74,169,53,111,61,37
E00053113,305,132,136,136,235,218,117,235,63,107,75,4,63,35,33
E00053114,347,138,146,146,286,269,200,286,86,123,121,27,112,64,48
E00053115,359,128,130,130,258,253,143,258,79,109,111,43,66,19,52
E00053116,300,122,128,128,224,210,101,224,49,101,81,5,46,6,42
E00053117,284,115,121,121,219,205,127,219,73,82,92,9,79,31,34
E00053118,337,113,120,120,231,225,101,231,50,90,104,14,32,15,37
E00053119,315,131,147,147,230,208,99,230,56,100,91,54,49,19,29
E00053120,215,121,132,132,190,153,59,190,60,67,59,5,23,16,12
E00053121,341,127,137,137,270,254,152,270,59,112,109,17,71,27,39
E00053122,337,138,142,142,261,251,159,261,91,88,135,34,76,39,49
E00053123,397,120,128,128,289,278,158,289,55,106,151,16,56,19,66
E00053124,439,149,172,172,299,293,152,299,53,148,99,20,43,14,50
E00053125,308,114,119,119,221,214,137,221,50,86,93,23,74,28,48
E00053126,334,162,170,170,257,248,117,257,38,130,92,3,25,7,42
E00053127,383,146,160,160,281,274,140,281,57,154,75,10,29,10,56
E00053128,370,107,113,113,271,263,140,271,57,105,131,14,74,29,61
E00053129,278,111,116,116,221,206,130,221,68,88,92,27,68,33,27
E00053130,483,158,165,165,374,340,160,374,58,162,168,19,66,25,63
E00053131,287,135,143,143,228,216,105,228,57,108,78,13,51,13,34
E00053132,329,109,116,116,227,221,141,227,53,89,106,21,75,40,48
E00053133,353,129,137,137,297,276,183,297,91,133,124,11,80,34,52
E00053134,784,124,119,131,762,741,195,185,37,669,61,2,13,4,125
E00053135,338,121,123,123,256,242,107,256,63,101,101,13,53,14,37
E00053136,332,129,138,138,266,253,154,257,69,151,74,17,64,25,47
E00053137,381,202,187,205,319,307,150,319,62,154,125,10,32,8,48
E00053138,238,105,116,116,175,156,71,175,41,80,59,6,39,9,25
E00053139,345,134,144,144,283,259,126,283,58,116,107,5,51,12,38
E00053140,436,116,124,125,427,423,137,191,39,348,48,7,10,8,85
E00053141,277,129,134,134,201,183,92,201,48,97,56,2,25,11,30
E00053142,402,148,158,158,304,283,146,304,61,142,105,10,23,6,63
E00053144,213,130,133,133,167,137,47,167,34,72,57,0,5,7,14
E00053145,308,139,146,153,245,230,110,245,52,102,89,2,19,7,54
E00053146,434,135,148,148,372,357,146,372,42,248,100,9,51,18,71
E00053147,407,136,152,152,332,320,140,332,48,210,82,12,44,12,60
E00053148,431,133,145,145,342,320,151,342,46,193,109,16,37,11,60
E00053149,432,198,218,224,391,381,163,391,69,257,79,7,31,11,82
E00053151,340,146,150,150,263,246,121,263,61,118,87,10,66,13,34
E00053152,323,135,156,156,276,258,152,276,73,122,111,4,52,24,34
E00053153,358,130,145,145,255,237,116,255,65,103,116,11,31,18,38
E00053154,361,121,140,140,261,252,116,261,66,121,94,13,34,10,41
E00053155,355,127,129,129,252,246,153,252,61,131,81,16,52,32,40
E00053156,328,125,131,131,240,227,123,240,56,100,91,27,64,28,43
E00053157,397,138,142,142,279,266,100,279,54,115,127,9,43,21,24
E00053158,359,117,120,120,249,239,113,249,65,100,109,12,50,21,43
E00053159,488,131,132,132,383,366,238,383,143,89,248,117,114,79,66
E00053160,337,153,156,156,260,239,115,260,65,107,102,3,78,22,26
E00053161,292,132,138,138,240,227,148,240,77,78,128,45,109,56,36
E00053162,314,128,130,130,253,224,130,253,84,80,122,4,72,31,40
E00053163,331,123,125,125,241,216,128,241,71,79,111,8,76,35,35
E00053164,349,141,148,148,254,241,136,249,63,95,117,8,97,36,29
E00053165,329,121,122,122,264,246,159,264,84,96,125,25,88,35,55
E00053166,189,96,100,100,150,118,50,130,38,74,23,0,7,4,13
E00053167,257,123,127,127,193,171,86,193,46,85,62,1,33,10,24
E00053168,291,120,126,126,234,203,122,234,66,79,112,7,70,35,37
E00053169,306,128,131,131,232,198,122,232,60,81,96,3,75,30,36
E00053170,344,123,128,128,277,242,136,277,82,113,111,18,73,36,43
E00053171,246,118,125,125,186,164,100,186,52,73,66,7,60,17,26
E00053172,326,142,142,142,253,210,114,253,62,94,105,4,64,22,33
E00053173,372,122,127,127,295,262,166,295,83,84,155,6,99,48,50
E00053174,356,149,154,154,316,240,136,316,106,63,213,56,140,57,47
E00053175,300,122,125,125,256,202,116,256,79,44,171,18,114,46,31
E00053176,386,116,119,119,306,303,203,306,107,100,183,81,97,68,52
E00053177,290,118,119,119,246,228,155,246,93,81,125,5,86,31,47
E00053178,405,117,122,122,304,291,195,304,96,63,207,103,100,72,47
E00053179,311,105,107,107,209,188,92,209,46,91,79,6,36,12,38
E00053180,327,128,132,132,270,226,154,270,90,62,168,49,127,61,51
E00053181,376,143,145,145,293,265,166,293,94,82,179,18,118,47,46
E00053182,298,123,125,125,238,211,133,238,85,72,121,36,91,34,36
E00053183,313,111,113,113,254,236,144,254,92,73,144,53,94,47,48
E00053184,308,126,129,129,265,212,128,265,71,60,155,11,124,47,27
E00053185,278,144,147,147,242,205,119,242,72,88,94,16,74,28,38
E00053186,353,124,127,127,265,248,151,265,76,88,135,17,92,50,47
E00053187,281,137,139,139,247,200,112,247,85,43,151,9,126,31,31
E00053188,347,122,126,126,267,244,148,267,83,85,145,8,72,30,57
E00053189,330,137,141,141,282,247,148,282,102,51,199,10,136,66,42
E00053190,295,135,143,143,251,205,142,251,91,59,150,5,118,47,37
E00053191,321,120,122,122,243,214,103,243,62,79,120,8,66,23,34
E00053192,248,122,133,133,216,209,141,216,73,56,127,21,103,44,40
E00053193,264,111,113,113,214,182,112,214,65,67,92,1,65,29,36
E00053194,260,132,135,135,221,175,105,221,59,79,79,4,45,21,26
E00053195,429,134,139,139,344,302,138,285,103,122,141,6,79,29,47
E00053196,200,104,105,105,171,139,76,171,47,60,69,17,31,19,26
E00053197,372,121,121,121,274,263,159,274,78,102,132,3,83,39,54
E00053198,309,140,143,143,269,232,116,233,86,122,67,3,61,21,26
E00053199,309,139,140,140,230,216,118,230,62,121,62,2,41,15,34
E00053200,354,133,134,134,314,238,141,288,99,68,189,123,126,85,34
E00053201,336,139,140,140,282,227,154,282,89,52,185,134,129,66,47
E00053202,365,126,126,126,295,231,169,280,96,53,186,96,118,79,42
E00053203,245,105,113,113,201,172,107,201,74,48,109,18,83,34,32
E00053204,295,103,103,103,214,206,105,214,76,80,100,3,42,24,34
E00053205,291,128,132,132,221,208,122,221,68,98,81,4,59,24,36
E00053206,271,116,118,118,229,195,136,229,64,63,131,11,105,42,42
E00053207,290,121,124,124,239,188,125,239,66,55,150,36,113,53,36
E00053208,290,129,130,130,260,196,135,260,83,70,136,18,123,49,31
E00053209,322,122,124,124,264,214,132,264,83,50,165,70,113,56,36
E00053210,261,113,117,117,219,193,114,219,63,67,111,2,81,35,24
E00053211,298,119,122,122,235,215,158,235,82,66,137,14,104,54,46
E00053212,350,132,136,136,296,252,175,296,97,78,174,59,115,60,47
E00053213,353,141,146,146,269,253,165,269,87,88,145,4,109,45,58
E00053214,327,127,135,135,249,236,185,249,86,88,120,6,101,51,56
E00053215,355,133,135,135,287,259,164,287,97,80,169,19,124,56,46
E00053216,360,138,138,138,305,268,170,305,114,67,196,104,127,87,52
E00053217,377,143,152,152,288,265,188,288,88,96,145,5,114,57,53
E00053218,323,124,129,129,278,236,140,261,90,57,177,90,110,74,35
E00053219,312,127,132,132,248,228,165,248,75,93,113,6,111,48,40
E00053220,354,134,137,137,278,258,189,278,98,93,144,17,116,62,63
E00053221,355,139,143,143,270,244,162,270,90,87,132,32,109,54,44
E00053222,439,129,134,134,376,289,186,293,154,86,225,115,125,89,50
E00053223,294,122,134,134,229,215,154,229,60,104,90,6,88,39,34
E00053224,367,146,149,149,288,262,188,286,90,88,137,37,129,63,50
E00053225,255,134,142,142,216,182,128,216,58,85,71,26,61,38,33
E00053226,257,107,117,118,235,165,107,199,74,59,113,49,80,45,32
E00053227,336,134,137,137,261,254,174,261,83,105,114,32,93,48,52
E00053228,272,114,126,126,232,163,116,205,71,47,121,79,102,53,34
E00053229,251,121,125,125,206,188,95,206,54,96,71,3,57,24,26
E00053230,296,129,139,139,217,210,102,217,61,110,57,5,36,12,35
E00053231,326,134,137,137,249,237,126,249,81,110,87,7,38,21,38
E00053232,318,132,133,133,249,238,125,249,81,107,91,4,52,23,45
E00053233,279,126,129,129,222,214,121,222,72,103,81,5,44,25,38
E00053234,324,135,139,139,242,238,129,242,87,115,78,5,42,22,42
E00053235,236,126,138,138,190,165,80,190,57,74,55,1,29,12,24
E00053236,291,122,127,127,197,193,96,197,58,99,52,5,38,14,25
E00053237,313,119,120,120,218,214,127,218,69,85,91,4,52,18,46
E00053238,232,128,134,134,183,172,82,183,43,104,40,2,31,6,24
E00053239,325,130,132,132,273,242,147,273,99,45,195,126,123,101,54
E00053240,336,137,141,141,279,245,160,279,95,80,156,39,121,64,42
E00053241,369,130,132,132,306,270,152,262,72,107,154,65,97,52,34
E00053242,329,132,133,133,281,229,137,281,86,51,183,115,124,66,35
E00053243,325,136,136,136,273,217,138,273,80,54,171,107,130,72,49
E00053244,327,144,152,152,276,248,157,271,82,101,123,24,104,48,48
E00053245,361,124,124,124,287,244,157,287,76,49,208,111,113,79,44
E00053246,211,136,151,151,200,153,97,200,51,71,59,26,79,24,12
E00053247,238,133,136,136,209,152,107,209,65,47,92,27,119,31,29
E00053248,238,120,124,124,213,170,109,200,57,59,87,42,81,38,20
E00053249,270,141,144,144,238,183,102,238,64,80,103,8,86,23,34
E00053250,251,108,109,109,218,193,124,218,72,63,134,64,94,54,35
E00053251,261,124,127,127,219,170,107,219,52,77,90,2,79,19,33
E00053252,228,119,124,124,200,167,101,200,62,68,81,18,66,25,28
E00053253,261,124,126,126,225,185,108,225,72,51,114,56,89,37,36
E00053254,188,120,121,121,166,100,55,166,35,44,39,3,44,10,16
E00053255,230,118,123,123,205,144,98,205,75,27,121,68,112,53,22
E00053256,312,118,122,122,259,222,142,259,78,82,132,6,91,38,45
E00053257,325,127,127,127,259,233,142,259,72,98,103,1,89,37,53
E00053258,321,127,131,131,250,227,155,250,76,99,94,5,75,38,41
E00053259,205,107,121,121,188,121,80,188,44,27,110,58,99,36,20
E00053260,231,117,120,120,214,163,82,214,65,44,119,94,85,43,24
E00053261,255,120,124,124,225,172,100,225,80,41,138,78,114,55,35
E00053262,266,156,162,162,242,215,137,242,74,98,75,19,70,26,20
E00053263,285,121,129,129,246,216,138,246,89,75,129,63,94,50,48
E00053264,323,127,128,128,271,233,158,271,105,58,177,123,120,81,48
E00053265,339,129,132,132,288,243,168,288,112,59,185,127,121,99,56
E00053266,221,116,121,121,194,170,119,194,69,54,80,42,66,38,32
E00053267,272,123,128,128,235,210,119,235,84,58,132,91,111,58,28
E00053268,301,122,125,125,249,219,149,249,91,57,148,118,113,67,41
E00053269,309,132,138,138,271,235,157,271,107,55,172,103,123,78,47
E00053270,262,144,152,152,242,195,123,242,82,81,96,30,98,33,31
E00053271,315,128,137,137,264,239,158,264,105,60,163,94,116,80,54
E00053272,307,122,125,125,260,226,143,260,89,48,166,117,119,82,41
E00053273,307,143,146,146,262,199,132,262,78,76,119,39,108,46,36
E00053274,291,138,141,141,236,204,116,236,76,92,78,3,68,18,46
E00053275,334,131,131,131,251,225,148,251,73,74,119,23,78,44,51
E00053276,286,131,134,134,235,202,121,235,59,79,100,7,80,30,35
E00053277,293,129,131,131,256,217,144,256,95,64,138,36,118,57,37
E00053278,338,129,134,134,269,247,179,269,92,72,158,14,110,41,45
E00053279,311,128,129,129,276,244,146,276,94,52,178,17,119,42,51
E00053280,349,132,132,132,294,278,186,294,102,91,160,19,111,55,58
E00053281,308,123,126,126,278,236,154,278,95,57,183,15,118,54,44
E00053282,262,117,117,117,222,184,101,222,67,59,107,3,94,28,32
E00053283,242,133,135,135,204,173,89,204,55,78,66,5,56,15,33
E00053284,312,127,128,128,256,210,125,256,57,59,154,11,108,42,35
E00053285,254,115,115,115,232,198,110,232,81,48,142,29,107,40,31
E00053286,428,188,189,189,384,276,161,340,100,71,176,8,139,56,40
E00053287,300,130,133,133,257,226,126,243,75,94,111,3,81,37,37
E00053288,281,115,117,117,236,204,104,236,82,65,126,4,65,26,39
E00053289,285,129,130,130,252,209,126,252,74,74,112,23,106,44,32
E00053290,238,131,131,131,206,177,116,206,64,51,101,20,91,25,38
E00053291,332,139,141,141,293,253,165,293,99,67,195,31,134,60,41
E00053292,265,136,138,138,227,188,101,227,67,86,83,3,66,25,20
E00053293,279,145,150,150,246,198,102,246,68,85,103,4,68,22,25
E00053294,301,135,135,135,250,210,129,250,77,87,107,1,81,28,37
E00053295,287,136,139,139,234,196,106,234,59,94,90,1,72,17,24
E00053296,331,134,135,135,280,239,125,280,81,80,141,4,78,34,46
E00053297,279,126,126,126,221,188,101,221,64,79,92,3,67,32,31
E00053298,262,129,130,130,229,195,103,229,72,70,97,6,80,22,36
E00053299,250,119,121,121,203,178,107,203,57,64,88,1,57,29,25
E00053300,293,139,140,140,238,194,104,238,67,85,86,5,68,26,37
E00053301,276,120,121,121,219,180,98,219,58,65,96,2,78,19,28
E00053302,313,117,119,119,241,222,162,241,71,88,116,2,97,57,44
E00053303,253,126,129,129,212,184,102,212,62,68,79,5,60,16,31
E00053304,259,126,127,127,222,185,112,222,62,81,87,2,69,27,40
E00053305,252,116,118,118,211,178,98,211,59,68,94,1,72,21,31
E00053306,254,127,127,127,224,194,101,224,69,74,85,1,65,25,31
E00053307,361,130,131,131,279,268,209,279,94,108,146,24,123,73,55
E00053308,210,97,100,100,156,139,75,156,40,78,40,2,25,12,27
E00053309,273,119,120,120,220,183,108,220,62,66,101,0,74,24,37
E00053310,273,129,130,130,225,187,95,225,53,90,82,2,46,24,35
E00053311,249,116,119,119,217,181,97,217,68,63,104,10,68,26,31
E00053312,287,114,114,114,239,189,126,239,58,76,105,1,86,28,42
E00053313,268,123,125,125,217,179,100,217,69,74,85,0,67,20,38
E00053314,280,121,124,124,234,199,104,234,53,51,142,13,107,39,37
E00053315,320,133,144,144,250,236,130,250,78,97,95,27,76,29,38
E00053316,324,139,141,141,272,252,168,272,91,69,155,62,121,59,46
E00053317,330,135,138,138,278,235,132,278,89,53,185,23,127,48,39
E00053318,319,149,151,151,263,233,128,263,79,94,109,6,77,21,47
E00053319,304,124,126,126,258,226,139,258,76,60,164,56,120,59,46
E00053320,401,150,152,152,317,303,199,317,100,82,188,6,136,63,69
E00053321,305,115,116,116,245,241,182,245,89,75,144,65,109,62,49
E00053322,275,114,120,120,231,187,120,231,68,57,130,31,102,47,32
E00053323,304,124,125,125,245,226,138,245,89,66,130,58,83,48,34
E00053324,316,111,112,112,245,230,162,245,89,66,134,39,96,49,45
E00053326,198,142,149,149,176,159,64,176,71,87,30,2,10,4,16
E00053327,329,125,129,129,275,254,168,275,91,76,164,55,113,55,38
E00053328,328,129,129,129,273,228,123,273,80,56,178,8,122,43,33
E00053329,274,123,136,136,228,216,123,228,76,93,82,8,54,23,33
E00053330,343,117,122,122,246,234,134,246,75,68,143,2,70,26,44
E00053331,306,123,126,126,246,215,130,246,88,70,123,36,87,35,41
E00053332,249,127,128,128,204,177,104,204,59,90,55,2,56,18,28
E00053333,292,123,125,125,235,198,122,235,78,85,93,8,76,31,39
E00053334,334,123,124,124,261,240,158,261,88,72,142,48,101,57,44
E00053335,302,126,128,128,238,221,116,238,66,94,97,13,85,23,28
E00053336,344,145,147,147,261,233,127,261,77,116,77,4,60,26,37
E00053337,310,157,160,160,218,215,97,218,42,138,38,6,24,11,32
E00053338,300,117,120,120,223,207,130,223,55,87,85,2,63,22,45
E00053339,292,142,145,145,258,208,113,258,87,87,110,8,86,26,34
E00053340,338,121,124,124,258,236,135,258,72,95,120,11,78,36,39
E00053341,215,133,139,139,186,117,56,186,36,45,56,2,20,9,20
E00053342,296,129,133,133,245,209,136,245,65,75,117,12,85,34,40
E00053343,333,126,128,128,268,236,159,268,76,90,120,5,96,36,47
E00053344,286,124,126,126,223,192,118,223,72,57,119,7,96,37,33
E00053345,248,113,115,115,201,176,104,201,59,70,76,0,62,21,30
E00053346,279,145,148,148,237,207,117,237,71,92,84,1,69,22,29
E00053347,274,121,123,123,234,210,128,234,81,65,132,8,95,38,29
E00053348,229,111,113,113,190,168,99,190,61,78,74,2,55,24,30
E00053349,306,112,113,113,254,238,157,254,89,56,160,14,103,46,53
E00053350,289,122,128,128,233,217,140,233,85,70,119,10,85,35,45
E00053351,318,120,122,122,251,227,156,251,81,79,125,3,95,43,41
E00053352,264,122,124,124,229,202,113,229,79,57,134,8,106,36,28
E00167318,300,119,149,150,294,293,126,168,13,263,22,2,6,6,73
E00167320,206,91,98,98,177,174,122,177,65,51,97,4,66,28,24
E00167321,190,114,125,125,173,173,117,173,30,105,40,4,26,3,31
E00167323,739,130,142,142,708,705,225,194,26,624,50,3,49,12,125
E00167325,185,114,114,119,174,174,96,154,20,137,12,4,15,4,24
E00167326,372,223,229,229,339,333,244,339,26,225,73,2,30,19,59
E00167328,340,130,136,136,233,226,132,233,32,122,84,11,51,22,35
E00167329,306,101,108,108,196,193,122,196,27,99,71,6,43,21,41
E00167331,335,136,151,151,263,249,143,263,74,108,106,12,45,21,29
E00167332,296,136,139,139,223,213,127,223,52,91,78,28,56,21,23
E00167334,178,72,72,72,124,124,105,124,19,50,54,8,37,22,23
E00167335,183,135,137,137,169,103,34,169,41,57,37,2,12,2,12
E00167337,257,118,161,161,196,192,142,196,31,91,79,10,60,29,30
E00167339,228,111,113,113,181,181,127,181,34,85,68,8,68,29,23
E00167340,289,100,108,108,222,204,113,222,69,79,114,9,66,25,34
E00167342,375,149,153,153,295,289,231,295,64,139,134,36,79,54,47
E00167343,170,70,73,73,131,120,64,131,36,44,67,9,39,9,17
E00167345,263,87,90,90,184,183,143,184,28,75,93,25,53,35,31
E00167346,246,134,137,137,213,197,91,213,59,116,47,4,36,9,39
E00167348,374,136,138,138,306,288,154,306,90,95,161,7,74,20,45
